question,answer
What is hypertension?,Hypertension is a medical condition in which blood pressure in the arteries is persistently high.
What is high blood pressure?,High blood pressure occurs when the force of blood against artery walls is too strong.
What are normal blood pressure levels?,Normal blood pressure is around 120/80 mmHg.
What is considered high BP?,Blood pressure above 140/90 mmHg is considered high.
Is hypertension a serious condition?,Yes untreated hypertension can lead to heart disease and stroke.
What causes hypertension?,Causes include stress obesity high salt intake and lack of exercise.
Can stress cause high blood pressure?,Yes chronic stress can contribute to hypertension.
Does obesity increase blood pressure?,Yes excess body weight increases pressure on arteries.
Is hypertension genetic?,Yes family history increases risk.
Can smoking cause hypertension?,Yes smoking damages blood vessels and raises BP.
What are symptoms of hypertension?,Common symptoms include headache dizziness and blurred vision.
Can hypertension have no symptoms?,Yes it is often called a silent killer.
Does high BP cause headaches?,Yes severe hypertension may cause headaches.
Can high BP cause dizziness?,Yes dizziness is a possible symptom.
Can hypertension cause fatigue?,Yes long-term high BP can cause tiredness.
How is hypertension diagnosed?,It is diagnosed using repeated blood pressure measurements.
What test is used for BP?,A sphygmomanometer is used to measure BP.
How many readings confirm hypertension?,Usually multiple readings on different days.
Can BP change during the day?,Yes blood pressure fluctuates naturally.
Is home BP monitoring useful?,Yes it helps track BP regularly.
How is hypertension treated?,Treatment includes lifestyle changes and medications.
Can hypertension be cured?,It can be controlled but not always cured.
What medicines treat high BP?,Common drugs include ACE inhibitors and beta blockers.
Is medication lifelong for hypertension?,Often yes depending on severity.
Can BP reduce without medicine?,Yes mild cases can improve with lifestyle changes.
What diet is good for hypertension?,Low salt diet with fruits vegetables and whole grains.
Does salt increase blood pressure?,Yes excess salt raises BP.
Is DASH diet good for BP?,Yes DASH diet is recommended for hypertension.
Can alcohol raise BP?,Yes excessive alcohol increases BP.
Is caffeine bad for BP?,Caffeine may temporarily raise BP.
Can exercise reduce blood pressure?,Yes regular exercise lowers BP.
What exercise is best for BP?,Walking swimming and cycling are good.
How much exercise is needed?,At least 30 minutes most days.
Does sleep affect blood pressure?,Poor sleep can increase BP.
Can weight loss reduce BP?,Yes losing weight lowers blood pressure.
What happens if hypertension is untreated?,It can cause heart attack stroke and kidney failure.
Can high BP cause heart disease?,Yes it damages heart arteries.
Does hypertension affect kidneys?,Yes it can lead to kidney damage.
Can BP cause stroke?,Yes high BP is a major stroke risk.
Does hypertension affect eyes?,Yes it can damage blood vessels in eyes.
Can hypertension be prevented?,Yes with healthy lifestyle choices.
How to prevent high BP?,Eat healthy exercise regularly and reduce stress.
Is regular BP check important?,Yes early detection prevents complications.
Can young people have hypertension?,Yes lifestyle factors can cause it.
Is hypertension common?,Yes it affects millions worldwide.
Can stress management help hypertension?,Yes relaxation techniques like meditation can lower blood pressure.
Does yoga help reduce blood pressure?,Yes yoga improves relaxation and cardiovascular health.
Can walking daily reduce BP?,Yes daily walking helps control blood pressure.
Is smoking cessation important for BP?,Yes quitting smoking significantly lowers BP risk.
Does screen time affect blood pressure?,Excessive screen time may increase stress and BP.
Are bananas good for hypertension?,Yes bananas are rich in potassium which helps regulate BP.
Is garlic beneficial for blood pressure?,Yes garlic may help lower BP naturally.
Can green tea reduce blood pressure?,Yes regular green tea intake may reduce BP.
Is oily food bad for hypertension?,Yes oily and fried foods increase BP risk.
Should hypertensive patients avoid sugar?,Excess sugar can indirectly raise blood pressure.
What are side effects of BP medicines?,Common side effects include dizziness fatigue and nausea.
Should BP medicine be taken daily?,Yes consistency is important for BP control.
Can missing BP medicine be dangerous?,Yes skipping doses can cause BP spikes.
Is it safe to stop BP medicine suddenly?,No sudden stoppage can be harmful.
Do BP medicines cause dependency?,No they do not cause addiction.
Does age increase risk of hypertension?,Yes BP risk increases with age.
Are men more prone to hypertension?,Men are at higher risk at younger ages.
Do women get hypertension after menopause?,Yes risk increases after menopause.
Can children have high blood pressure?,Yes childhood hypertension is possible.
Is hypertension common in elderly?,Yes it is very common in older adults.
How often should BP be checked?,At least once every few months or as advised.
Is morning BP higher?,Yes BP is often higher in the morning.
Which arm should BP be measured?,BP should be measured in the left arm.
Can BP differ between arms?,Yes slight differences are normal.
Is wrist BP monitor accurate?,Arm monitors are generally more accurate.
Can hypertension cause vision loss?,Yes prolonged BP can damage eye vessels.
Does high BP affect memory?,Yes it may increase dementia risk.
Can hypertension cause kidney stones?,Indirectly yes through kidney damage.
Is BP linked to heart failure?,Yes uncontrolled BP can lead to heart failure.
Can hypertension cause sexual dysfunction?,Yes it can affect blood flow.
What is hypertensive crisis?,A sudden severe increase in BP requiring urgent care.
What BP level is dangerous?,BP above 180/120 mmHg is dangerous.
What are signs of BP emergency?,Chest pain confusion and shortness of breath.
When to visit doctor for BP?,If BP remains consistently high.
Can hypertension cause sudden death?,Yes severe untreated BP can be fatal.
Can lifestyle changes replace BP medicine?,In early stages yes with medical advice.
Is regular exercise enough to control BP?,Exercise helps but diet and stress control are also needed.
Does awareness reduce hypertension risk?,Yes early awareness prevents complications.
Can BP be controlled naturally?,Yes through diet exercise and stress management.
Is hypertension reversible?,Early hypertension may be reversible.